tag_id;name;category;count
9999999;general;9;807858
9999998;sensitive;9;3771700
9999997;questionable;9;769899
9999996;explicit;9;560281
470575;1girl;0;4225150
385430;hatsune_miku;4;78616
12239;hakurei_reimu;4;67710
12242;kirisame_marisa;4;62327
12248;remilia_scarlet;4;46894
12249;flandre_scarlet;4;43434
12314;izayoi_sakuya;4;42465
1301082;admiral_(kancolle);4;34812
1478495;artoria_pendragon_(fate);4;33041
9123;alice_margatroid;4;32516
388200;kochiya_sanae;4;32504
12247;patchouli_knowledge;4;32120
12244;konpaku_youmu;4;31146
1720;cirno;4;30904
12246;yakumo_yukari;4;29607
427142;komeiji_koishi;4;27406
12308;shameimaru_aya;4;25978
12307;fujiwara_no_mokou;4;24550
12304;reisen_udongein_inaba;4;24375
11374;hong_meiling;4;23457
592924;akemi_homura;4;23123
427143;komeiji_satori;4;22757
592925;kaname_madoka;4;22080
12245;saigyouji_yuyuko;4;21758
1631074;kaga_(kancolle);4;20549
395218;inubashiri_momiji;4;20497
12250;yakumo_ran;4;18043
390427;kagamine_rin;4;17416
602257;konpaku_youmu_(ghost);4;17065
384842;moriya_suwako;4;17047
2082;rumia;4;16841
593109;miki_sayaka;4;16686
427145;kaenbyou_rin;4;16675
401582;kazami_yuuka;4;16551
1275729;shimakaze_(kancolle);4;16285
427184;reiuji_utsuho;4;16263
6;saber;4;15967
1275718;hibiki_(kancolle);4;15954
474;chen;4;15887
12302;kamishirasawa_keine;4;15388
473327;tatara_kogasa;4;15022
383392;kawashiro_nitori;4;14973
1414209;mash_kyrielight;4;14919
415326;hinanawi_tenshi;4;14700
589430;sakura_kyouko;4;14333
593108;tomoe_mami;4;14245
1275728;shigure_(kancolle);4;14238
12306;houraisan_kaguya;4;13824
1799;koakuma;4;13641
1350122;kongou_(kancolle);4;13106
1602203;ganyu_(genshin_impact);4;12981
12300;mystia_lorelei;4;12948
12303;inaba_tewi;4;12571
12313;ibuki_suika;4;12550
1275720;inazuma_(kancolle);4;12537
475833;souryuu_asuka_langley;4;12338
503349;hijiri_byakuren;4;12211
1630449;akagi_(kancolle);4;12210
473267;nazrin;4;11834
393597;kagamine_len;4;11428
503343;houjuu_nue;4;11360
1270870;tenryuu_(kancolle);4;11216
1473623;tamamo_(fate);4;11128
1631504;yuudachi_(kancolle);4;10901
12305;yagokoro_eirin;4;10879
384841;yasaka_kanako;4;10876
457810;megurine_luka;4;10737
1275719;ikazuchi_(kancolle);4;10591
1479739;jeanne_d'arc_alter_(fate);4;10481
413783;mizuhashi_parsee;4;10406
1471064;abigail_williams_(fate);4;10091
1275715;fubuki_(kancolle);4;10071
456150;akiyama_mio;4;9944
1275711;akatsuki_(kancolle);4;9910
1631523;zuikaku_(kancolle);4;9855
1391754;fujimaru_ritsuka_(female);4;9711
1391753;fujimaru_ritsuka_(male);4;9444
638495;toyosatomimi_no_miko;4;9247
1631219;nagato_(kancolle);4;9212
1630699;hamakaze_(kancolle);4;9178
13814;morichika_rinnosuke;4;9131
1335350;haruna_(kancolle);4;9124
9466;suzumiya_haruhi;4;8980
7441;fate_testarossa;4;8966
6313;link;4;8924
465977;hoshiguma_yuugi;4;8846
3861;pikachu;4;8817
1686237;raiden_shogun;4;8798
1433170;nero_claudius_(fate);4;8774
1351818;kashima_(kancolle);4;8665
472387;nakano_azusa;4;8571
1593594;gawr_gura;4;8530
1533309;houshou_marine;4;8514
384197;kagiyama_hina;4;8503
465646;tohsaka_rin;4;8476
599169;shanghai_doll;4;8466
9715;nagato_yuki;4;8457
700405;nishizumi_miho;4;8294
12299;wriggle_nightbug;4;8246
1333465;rem_(re:zero);4;8222
7493;daiyousei;4;8196
638499;mononobe_no_futo;4;8163
1728232;avatar_(ff14);4;8144
1631280;ryuujou_(kancolle);4;8080
455424;hirasawa_yui;4;8070
465688;shiki_eiki;4;7982
600200;kyubey;4;7934
12311;onozuka_komachi;4;7924
1380245;suzuya_(kancolle);4;7856
1452630;scathach_(fate);4;7702
12342;usami_renko;4;7645
1581467;lumine_(genshin_impact);4;7630
395918;misaka_mikoto;4;7624
391888;tifa_lockhart;4;7606
1277919;inkling;4;7466
8552;takamachi_nanoha;4;7465
1401122;yorha_no._2_type_b;4;7437
503351;toramaru_shou;4;7431
12108;illyasviel_von_einzbern;4;7414
1631004;houshou_(kancolle);4;7348
506041;maribel_hearn;4;7317
1233711;imaizumi_kagerou;4;7306
8327;ayanami_rei;4;7267
1639113;shigure_kai_ni_(kancolle);4;7221
1408636;jeanne_d'arc_(fate);4;7191
378876;joseph_joestar;4;7142
1639135;yuudachi_kai_ni_(kancolle);4;7052
1231258;matoi_ryuuko;4;7016
456151;tainaka_ritsu;4;6997
1635696;hu_tao_(genshin_impact);4;6878
452135;producer_(idolmaster);4;6859
1275723;murakumo_(kancolle);4;6824
1405000;serval_(kemono_friends);4;6806
592977;nishikino_maki;4;6768
1765420;jeanne_d'arc_alter_(avenger)_(fate);4;6725
593046;sonoda_umi;4;6721
1277794;amatsukaze_(kancolle);4;6636
544560;himekaidou_hatate;4;6634
1585358;northern_ocean_princess;4;6621
1631456;ushio_(kancolle);4;6609
662185;shibuya_rin;4;6569
615562;toujou_nozomi;4;6537
94496;princess_zelda;4;6535
1600114;zhongli_(genshin_impact);4;6477
1438816;okita_souji_(fate);4;6473
1285206;atago_(kancolle);4;6461
638538;kaku_seiga;4;6444
1275734;yukikaze_(kancolle);4;6441
1631360;shoukaku_(kancolle);4;6390
503350;murasa_minamitsu;4;6356
1511608;inkling_girl;4;6321
592974;yazawa_nico;4;6312
713730;kafuu_chino;4;6283
593043;ayase_eli;4;6236
1682530;tamamo_no_mae_(fate/extra);4;6180
1631488;yamato_(kancolle);4;6121
466373;dawn_(pokemon);4;6100
1479836;shirakami_fubuki;4;6085
413645;nagae_iku;4;6078
1523054;manjuu_(azur_lane);4;6061
1531173;usada_pekora;4;6052
487910;joseph_joestar_(young);4;6030
1275712;akebono_(kancolle);4;6011
1233709;hata_no_kokoro;4;5911
1631124;kitakami_(kancolle);4;5907
54494;kujo_jotaro;4;5902
1649146;gilgamesh_(fate);4;5822
570051;ibaraki_kasen;4;5806
1287532;megumin;4;5792
669326;kaito_(vocaloid);4;5790
1239690;rensouhou-chan;4;5717
1369674;lillie_(pokemon);4;5687
7438;matou_sakura;4;5678
1596257;mona_(genshin_impact);4;5668
1733099;yae_miko;4;5664
1435530;shuten_douji_(fate);4;5656
473328;kumoi_ichirin;4;5646
413652;kurodani_yamame;4;5643
619180;kasodani_kyouko;4;5610
638583;soga_no_tojiko;4;5592
619181;miyako_yoshika;4;5551
1427460;prinz_eugen_(kancolle);4;5516
101752;hoshii_miki;4;5496
1631257;ooyodo_(kancolle);4;5453
456152;kotobuki_tsumugi;4;5431
1600563;keqing_(genshin_impact);4;5414
1448304;astolfo_(fate);4;5413
1630648;female_admiral_(kancolle);4;5408
13108;chun-li;4;5374
1372463;darjeeling_(girls_und_panzer);4;5362
382074;hiiragi_kagami;4;5341
1361469;mutsu_(kancolle);4;5321
1631410;tatsuta_(kancolle);4;5315
1478494;cu_chulainn_(fate);4;5269
1630515;asashio_(kancolle);4;5250
466360;may_(pokemon);4;5242
1532746;byleth_(fire_emblem);4;5192
1243755;kijin_seija;4;5186
1424365;pyra_(xenoblade);4;5178
7439;kinomoto_sakura;4;5176
1593595;mori_calliope;4;5176
1328621;clownpiece;4;5157
713720;nishizumi_maho;4;5153
1593596;ninomae_ina'nis;4;5129
593045;minami_kotori;4;5119
717860;rosa_(pokemon);4;5119
1405300;kaban_(kemono_friends);4;5109
1648389;yor_briar;4;5092
10658;emiya_shirou;4;5021
1495213;minato_aqua;4;5017
713721;itsumi_erika;4;4979
466669;c.c.;4;4976
710903;meiko_(vocaloid);4;4975
11941;samus_aran;4;4963
383424;aki_minoriko;4;4963
615290;hilda_(pokemon);4;4950
1630531;bismarck_(kancolle);4;4949
1646740;archer_(fate);4;4941
1448306;mordred_(fate);4;4940
1599785;aether_(genshin_impact);4;4932
1631313;sendai_(kancolle);4;4923
1533332;marnie_(pokemon);4;4923
1464562;minamoto_no_raikou_(fate);4;4918
1631252;ooi_(kancolle);4;4907
656409;yuzuki_yukari;4;4892
382075;izumi_konata;4;4858
452021;hieda_no_akyuu;4;4837
434767;caesar_anthonio_zeppeli;4;4796
1350123;akashi_(kancolle);4;4794
1233706;sekibanki;4;4768
9071;amami_haruka;4;4760
727352;anchovy_(girls_und_panzer);4;4757
1507496;takao_(kancolle);4;4740
1293664;musashi_(kancolle);4;4740
699794;nanami_chiaki;4;4735
1328650;junko_(touhou);4;4731
510663;yoko_littner;4;4679
1590956;mythra_(xenoblade);4;4644
1682533;nero_claudius_(fate/extra);4;4616
1734279;okita_souji_(koha-ace);4;4610
1442931;amiya_(arknights);4;4608
1275730;shiranui_(kancolle);4;4605
7866;tsukino_usagi;4;4576
1339317;d.va_(overwatch);4;4559
593044;kousaka_honoka;4;4558
638500;futatsuiwa_mamizou;4;4557
1248945;wo-class_aircraft_carrier;4;4554
698982;asuna_(sao);4;4534
1478256;medusa_(fate);4;4530
1631305;sazanami_(kancolle);4;4523
1631308;souryuu_(kancolle);4;4520
1243757;sukuna_shinmyoumaru;4;4516
1631484;yamashiro_(kancolle);4;4489
424565;shijou_takane;4;4488
383855;aki_shizuha;4;4481
1275727;samidare_(kancolle);4;4471
1593598;watson_amelia;4;4470
700403;akiyama_yukari;4;4468
1630992;hiei_(kancolle);4;4468
21;suigintou;4;4430
1631272;ro-500_(kancolle);4;4425
1246753;senketsu;4;4424
1544889;gloria_(pokemon);4;4412
10365;cloud_strife;4;4410
1667133;hk416_(girls'_frontline);4;4402
1593597;takanashi_kiara;4;4377
9072;kisaragi_chihaya;4;4365
279302;dio_brando;4;4360
422767;gumi;4;4359
1572405;klee_(genshin_impact);4;4357
1333552;kirishima_(kancolle);4;4342
1342225;verniy_(kancolle);4;4342
12295;letty_whiterock;4;4323
445942;gardevoir;4;4320
1595272;venti_(genshin_impact);4;4305
1231257;kiryuuin_satsuki;4;4282
1081167;mordred_(fate/apocrypha);4;4277
9078;minase_iori;4;4276
1518952;nekomata_okayu;4;4269
9079;kikuchi_makoto;4;4243
615222;hoshizora_rin;4;4221
1421198;bb_(fate);4;4202
1631098;kasumi_(kancolle);4;4202
1631042;iowa_(kancolle);4;4196
460796;ex-keine;4;4122
1532747;byleth_(fire_emblem)_(female);4;4110
1328656;hecatia_lapislazuli;4;4100
1769318;jeanne_d'arc_(ruler)_(fate);4;4087
1442946;texas_(arknights);4;4083
1440040;atago_(azur_lane);4;4071
472979;saber_alter;4;4066
422691;oshino_shinobu;4;4060
425446;ganaha_hibiki;4;4060
1492223;taihou_(azur_lane);4;4049
1631502;yuubari_(kancolle);4;4039
1631121;kiso_(kancolle);4;4032
1526564;doctor_(arknights);4;4023
660315;shimamura_uzuki;4;4003
1610604;tartaglia_(genshin_impact);4;4003
52967;princess_peach;4;3999
1531312;uruha_rushia;4;3998
466315;ash_ketchum;4;3989
1316173;watanabe_you;4;3972
1442306;zero_two_(darling_in_the_franxx);4;3955
1525565;hoshimachi_suisei;4;3955
405454;aerith_gainsborough;4;3938
15550;morrigan_aensland;4;3935
1516925;makima_(chainsaw_man);4;3935
9750;asahina_mikuru;4;3932
445830;red_(pokemon);4;3928
1622755;asuna_(blue_archive);4;3923
1533307;shirogane_noel;4;3913
1526509;skadi_(arknights);4;3894
1536480;formidable_(azur_lane);4;3879
665139;shirasaka_koume;4;3864
1630996;hiryuu_(kancolle);4;3855
1440089;prinz_eugen_(azur_lane);4;3855
1569865;karyl_(princess_connect!);4;3855
665166;takagaki_kaede;4;3850
1629450;meltryllis_(fate);4;3848
1341413;djeeta_(granblue_fantasy);4;3814
1233049;sagisawa_fumika;4;3784
1630687;graf_zeppelin_(kancolle);4;3779
646093;ultimate_madoka;4;3776
1561709;bremerton_(azur_lane);4;3770
1645004;rice_shower_(umamusume);4;3745
701140;komaeda_nagito;4;3741
1233712;wakasagihime;4;3724
1518950;inugami_korone;4;3716
1564340;paimon_(genshin_impact);4;3714
1515171;sakura_miko;4;3713
11498;kirby;4;3683
1328609;kishin_sagume;4;3650
1641843;eula_(genshin_impact);4;3650
1649150;medusa_(rider)_(fate);4;3649
592976;koizumi_hanayo;4;3644
1549065;tokoyami_towa;4;3617
1646765;mejiro_mcqueen_(umamusume);4;3612
1511455;yumemi_riamu;4;3603
9075;takatsuki_yayoi;4;3591
1627707;miyamoto_musashi_(fate);4;3590
9681;kyon;4;3589
1312747;hestia_(danmachi);4;3577
1631228;naka_(kancolle);4;3575
496900;black_rock_shooter_(character);4;3567
1493247;bowsette;4;3536
1514981;selene_(pokemon);4;3530
1440003;belfast_(azur_lane);4;3530
1509133;sirius_(azur_lane);4;3507
663994;kanzaki_ranko;4;3498
1549061;amane_kanata;4;3497
1500247;oozora_subaru;4;3471
1627592;ishtar_(fate);4;3469
593780;super_sonico;4;3466
1646762;daiwa_scarlet_(umamusume);4;3462
413714;kisume;4;3456
664384;jougasaki_mika;4;3455
12257;ikari_shinji;4;3441
1649152;cu_chulainn_(fate/stay_night);4;3437
1585359;seaport_princess;4;3432
620127;narukami_yuu;4;3429
8882;lily_white;4;3428
1549082;kiryu_coco;4;3421
1350743;aqua_(konosuba);4;3417
11055;furude_rika;4;3411
448496;cynthia_(pokemon);4;3404
1630645;fairy_(kancolle);4;3384
700407;takebe_saori;4;3382
1378250;i-19_(kancolle);4;3374
1651926;kamisato_ayaka;4;3363
1452466;ereshkigal_(fate);4;3357
1316172;tsushima_yoshiko;4;3355
8048;sailor_moon;4;3346
1631521;zuihou_(kancolle);4;3341
670056;kuroki_tomoko;4;3329
1502759;ookami_mio;4;3321
550231;gokou_ruri;4;3312
634453;barnaby_brooks_jr.;4;3307
13270;cammy_white;4;3303
662047;sanya_v._litvyak;4;3290
687394;nitta_minami;4;3274
14152;kakyoin_noriaki;4;3265
1440013;unicorn_(azur_lane);4;3230
421104;eila_ilmatar_juutilainen;4;3226
781225;lucina_(fire_emblem);4;3217
1236324;serena_(pokemon);4;3217
660302;ahri_(league_of_legends);4;3215
701382;hinata_hajime;4;3213
1467839;trainer_(umamusume);4;3201
1528907;corrin_(fire_emblem);4;3191
591909;stocking_(psg);4;3188
1265245;ichinose_shiki;4;3182
1388968;ouma_kokichi;4;3182
649985;kaburagi_t._kotetsu;4;3179
1275725;naganami_(kancolle);4;3171
11853;haruno_sakura;4;3163
12309;medicine_melancholy;4;3157
1631030;i-58_(kancolle);4;3154
1717604;shenhe_(genshin_impact);4;3154
1586173;yukihana_lamy;4;3150
12296;lunasa_prismriver;4;3143
1500444;commander_(azur_lane);4;3135
1527899;kitagawa_marin;4;3133
1685272;ouro_kronii;4;3132
1561704;higuchi_madoka;4;3130
1507493;maya_(kancolle);4;3125
1462685;kokkoro_(princess_connect!);4;3125
16266;son_goku;4;3124
8553;yagami_hayate;4;3122
12107;kotomine_kirei;4;3116
1631482;yamakaze_(kancolle);4;3099
1275724;murasame_(kancolle);4;3081
724152;anastasia_(idolmaster);4;3064
382076;hiiragi_tsukasa;4;3059
1646764;gold_ship_(umamusume);4;3051
1598280;xiao_(genshin_impact);4;3049
1685271;nanashi_mumei;4;3036
563892;kirito;4;3035
1532725;edelgard_von_hresvelg;4;3027
1317066;doremy_sweet;4;3026
1292960;midoriya_izuku;4;3021
1586175;shishiro_botan;4;3007
466818;misty_(pokemon);4;3006
1447551;florence_nightingale_(fate);4;3001
419123;shirogane_naoto;4;2998
1295748;mercy_(overwatch);4;2997
413395;kujo_jolyne;4;2994
649693;jack_the_ripper_(fate/apocrypha);4;2990
1316171;sakurauchi_riko;4;2988
1822797;boo_tao_(genshin_impact);4;2987
722007;katyusha_(girls_und_panzer);4;2970
413396;giorno_giovanna;4;2969
713714;kay_(girls_und_panzer);4;2969
403357;nia_teppelin;4;2963
1342592;shimada_arisu;4;2960
1646761;tokai_teio_(umamusume);4;2957
1667136;ump45_(girls'_frontline);4;2944
644424;nami_(one_piece);4;2942
12355;uzumaki_naruto;4;2929
1631514;z1_leberecht_maass_(kancolle);4;2922
398775;sheryl_nome;4;2917
1594094;pecorine_(princess_connect!);4;2909
1491767;murasaki_shion;4;2907
1441167;ayanami_(azur_lane);4;2900
660098;futaba_anzu;4;2897
1292959;uraraka_ochako;4;2895
1386438;saihara_shuuichi;4;2891
1480186;takarada_rikka;4;2888
1529309;anya_(spy_x_family);4;2877
9077;miura_azusa;4;2873
1631389;taihou_(kancolle);4;2873
1631516;z3_max_schultz_(kancolle);4;2866
3030;mario;4;2863
445932;eevee;4;2860
1478507;iskandar_(fate);4;2845
1275713;akigumo_(kancolle);4;2844
1631134;kuma_(kancolle);4;2842
375279;waver_velvet;4;2840
13543;hyuuga_hinata;4;2831
620175;mikasa_ackerman;4;2829
407911;jonathan_joestar;4;2825
1533759;barbara_(genshin_impact);4;2822
9074;hagiwara_yukiho;4;2821
1631474;warspite_(kancolle);4;2821
1630673;fusou_(kancolle);4;2818
1054766;chloe_von_einzbern;4;2812
1462591;narmaya_(granblue_fantasy);4;2808
437574;shirai_kuroko;4;2803
1631023;i-401_(kancolle);4;2794
711691;motoori_kosuzu;4;2792
663996;jougasaki_rika;4;2791
1337035;leon_(pokemon);4;2791
1631239;non-human_admiral_(kancolle);4;2788
1262414;izumi_sagiri;4;2785
411462;aisaka_taiga;4;2782
11349;ryuuguu_rena;4;2779
539110;yuki_miku;4;2778
700406;reizei_mako;4;2774
1317065;usami_sumireko;4;2771
1417248;common_raccoon_(kemono_friends);4;2769
1431828;elizabeth_bathory_(fate);4;2767
1799500;asuna_(bunny)_(blue_archive);4;2765
508752;pyonta;4;2764
1276066;hoto_cocoa;4;2751
660394;midorikawa_nao;4;2740
1380244;kumano_(kancolle);4;2730
1240694;ruby_rose;4;2718
170637;lelouch_lamperouge;4;2716
1627605;kama_(fate);4;2713
406263;satonaka_chie;4;2711
1524374;lappland_(arknights);4;2710
476837;holo;4;2701
1544892;raihan_(pokemon);4;2699
407910;higashikata_josuke;4;2697
1705933;monster_hunter_(character);4;2693
1442947;ch'en_(arknights);4;2693
660393;kise_yayoi;4;2690
1246772;mankanshoku_mako;4;2690
539789;beatrice_(umineko);4;2688
1599614;jean_(genshin_impact);4;2687
12514;shiranui_mai;4;2686
664492;maekawa_miku;4;2679
1630489;aoba_(kancolle);4;2677
1631010;hyuuga_(kancolle);4;2676
1582962;fischl_(genshin_impact);4;2675
1333466;emilia_(re:zero);4;2672
1429424;tokitsukaze_(kancolle);4;2667
9076;akizuki_ritsuko;4;2662
1627620;kiyohime_(fate);4;2659
603070;charlotte_(madoka_magica);4;2658
1500246;nakiri_ayame;4;2653
1325863;robin_(fire_emblem);4;2652
8955;luna_child;4;2647
8956;star_sapphire;4;2628
1405055;fennec_(kemono_friends);4;2627
1440018;illustrious_(azur_lane);4;2624
1275726;oboro_(kancolle);4;2615
1465315;tomoe_gozen_(fate);4;2604
1530284;bea_(pokemon);4;2602
1361608;boko_(girls_und_panzer);4;2601
1499605;natsuiro_matsuri;4;2595
1631194;mogami_(kancolle);4;2594
473279;unzan;4;2591
1533296;shiranui_flare;4;2591
1631303;satsuki_(kancolle);4;2588
1630519;ashigara_(kancolle);4;2586
471219;kousaka_kirino;4;2581
1719003;sakamata_chloe;4;2579
761961;weiss_schnee;4;2575
1442945;exusiai_(arknights);4;2573
1629409;artoria_pendragon_(lancer)_(fate);4;2566
1452972;yorigami_shion;4;2562
1631066;jintsuu_(kancolle);4;2559
1275732;uzuki_(kancolle);4;2559
1631126;kiyoshimo_(kancolle);4;2558
1631081;kagerou_(kancolle);4;2547
510605;makise_kurisu;4;2545
1631452;urakaze_(kancolle);4;2540
8954;sunny_milk;4;2533
633863;tachibana_arisu;4;2533
1385142;isokaze_(kancolle);4;2523
1316036;takami_chika;4;2519
1435235;nitocris_(fate);4;2515
1526515;nessa_(pokemon);4;2515
1528908;corrin_(fire_emblem)_(female);4;2502
195216;kallen_stadtfeld;4;2498
12112;emiya_kiritsugu;4;2496
414823;erica_hartmann;4;2487
414822;miyafuji_yoshika;4;2485
1631447;unryuu_(kancolle);4;2484
1275717;hatsuyuki_(kancolle);4;2465
665397;koshimizu_sachiko;4;2462
1468120;nakano_nino;4;2457
1275731;shiratsuyu_(kancolle);4;2455
1623068;karin_(blue_archive);4;2455
11053;houjou_satoko;4;2444
1702683;diarmuid_ua_duibhne_(lancer)_(fate);4;2444
707204;dizzy_(guilty_gear);4;2442
700933;hayami_kanade;4;2442
717140;hishikawa_rikka;4;2440
1337527;mika_(girls_und_panzer);4;2440
1515819;power_(chainsaw_man);4;2433
1593304;don-chan_(usada_pekora);4;2426
1333601;ram_(re:zero);4;2417
1631385;taigei_(kancolle);4;2414
1630472;akitsu_maru_(kancolle);4;2411
10284;asakura_ryouko;4;2404
1589924;simon_(ttgl);4;2403
512930;alice_(alice_in_wonderland);4;2399
1667138;wa2000_(girls'_frontline);4;2389
1292961;bakugou_katsuki;4;2386
1443053;nakano_miku;4;2384
1318502;callie_(splatoon);4;2383
1435236;oda_nobunaga_(fate);4;2383
1644978;agnes_tachyon_(umamusume);4;2380
420872;gertrud_barkhorn;4;2379
660390;aoki_reika;4;2379
9081;futami_mami;4;2375
378867;dark_magician_girl;4;2373
1403841;yoshida_yuuko_(machikado_mazoku);4;2365
1762231;kirima_syaro;4;2363
1757377;yelan_(genshin_impact);4;2355
1770073;nishikigi_chisato;4;2355
1630723;hatsuzuki_(kancolle);4;2350
12405;nagisa_kaworu;4;2340
1631174;michishio_(kancolle);4;2338
1631299;saratoga_(kancolle);4;2336
1595577;surtr_(arknights);4;2336
394054;louise_francoise_le_blanc_de_la_valliere;4;2335
1271042;kiana_kaslana;4;2326
1670936;accelerator_(toaru_majutsu_no_index);4;2324
1630708;harusame_(kancolle);4;2324
482064;makinami_mari_illustrious;4;2308
12094;arcueid_brunestud;4;2303
438007;kamijou_touma;4;2299
4587;shana;4;2288
1627610;katsushika_hokusai_(fate);4;2287
554006;tachibana_kanade;4;2286
1584981;shiroko_(blue_archive);4;2283
12297;merlin_prismriver;4;2282
1440020;takao_(azur_lane);4;2282
1387675;kamado_nezuko;4;2273
1318503;marie_(splatoon);4;2268
1279297;yura_(kancolle);4;2267
1267920;re-class_battleship;4;2266
499269;miyu_edelfelt;4;2250
395970;ranka_lee;4;2248
658637;chitanda_eru;4;2248
385134;ushiromiya_battler;4;2247
1631440;u-511_(kancolle);4;2246
12298;lyrica_prismriver;4;2240
439625;kaenbyou_rin_(cat);4;2236
591958;kirigiri_kyouko;4;2236
1287911;hino_akane_(smile_precure!);4;2236
1452342;amamiya_ren;4;2236
1398811;kanna_kamui;4;2229
1631478;yahagi_(kancolle);4;2226
1821363;nahida_(genshin_impact);4;2225
1524970;reisalin_stout;4;2221
670005;yukine_chris;4;2219
700404;isuzu_hana;4;2219
549180;kashiwazaki_sena;4;2218
1378260;lana_(pokemon);4;2210
1533761;amber_(genshin_impact);4;2210
1631206;mutsuki_(kancolle);4;2206
403861;kyonko;4;2204
1399517;tippy_(gochiusa);4;2203
557446;ethan_(pokemon);4;2201
1440130;laffey_(azur_lane);4;2200
1255756;t-head_admiral;4;2192
479706;yuuki_makoto;4;2190
1440202;enterprise_(azur_lane);4;2187
1481047;akai_haato;4;2180
1630695;haguro_(kancolle);4;2172
615600;toshinou_kyouko;4;2165
601487;enoshima_junko;4;2163
1602944;mudrock_(arknights);4;2159
1566117;kal'tsit_(arknights);4;2151
1447375;tamamo_cat_(fate);4;2150
1631032;i-8_(kancolle);4;2149
1630524;atlanta_(kancolle);4;2148
1630210;abukuma_(kancolle);4;2147
12564;uchiha_sasuke;4;2142
1483850;napoleon_bonaparte_(fate);4;2142
454513;hanekawa_tsubasa;4;2141
1811190;nilou_(genshin_impact);4;2136
1515525;mayuzumi_fuyuko;4;2133
99;shinku;4;2131
1631433;tone_(kancolle);4;2131
1630477;akizuki_(kancolle);4;2130
1602206;qiqi_(genshin_impact);4;2128
598066;houjou_hibiki;4;2127
9080;futami_ami;4;2125
1055516;akari_(pokemon);4;2120
12106;kousaka_tamaki;4;2116
1452975;yorigami_jo'on;4;2113
1440110;akagi_(azur_lane);4;2111
1283598;bronya_zaychik;4;2108
626945;shokuhou_misaki;4;2107
1765430;jeanne_d'arc_alter_(swimsuit_berserker)_(fate);4;2096
1311294;gran_(granblue_fantasy);4;2093
1678980;sangonomiya_kokomi;4;2091
1316167;kurosawa_dia;4;2088
1605761;hina_(blue_archive);4;2086
573907;blue_oak;4;2085
662472;takanashi_rikka;4;2085
717136;aida_mana;4;2083
1631116;kisaragi_(kancolle);4;2074
1250847;junketsu;4;2072
1236625;eren_yeager;4;2070
1366306;rowlet;4;2069
1316169;matsuura_kanan;4;2066
615289;hilbert_(pokemon);4;2062
1234829;yang_xiao_long;4;2059
1402355;kagari_atsuko;4;2058
1596241;diluc_(genshin_impact);4;2051
405240;amagi_yukiko;4;2049
853361;bb_(fate/extra);4;2042
1719009;la+_darknesss;4;2042
1432299;matara_okina;4;2040
657125;ia_(vocaloid);4;2033
1183449;nonna_(girls_und_panzer);4;2033
1252196;akuma_homura;4;2030
1448715;kizuna_akari;4;2029
1431862;nero_claudius_(swimsuit_caster)_(fate);4;2027
1585360;battleship_princess;4;2020
1667140;ump9_(girls'_frontline);4;2019
426767;ikamusume;4;2018
691541;perrine_h._clostermann;4;2017
1631333;shikinami_(kancolle);4;2017
1685270;hakos_baelz;4;2016
530171;kurumi_erika;4;2014
1316166;kunikida_hanamaru;4;2013
1631090;kamikaze_(kancolle);4;2012
1515818;denji_(chainsaw_man);4;2010
527779;han_juri;4;2003
1587880;gotou_hitori;4;2001
599208;charlotte_e._yeager;4;2000
1271044;raiden_mei;4;1994
1308178;octoling;4;1994
409162;senjougahara_hitagi;4;1991
1630675;gambier_bay_(kancolle);4;1990
1631046;ise_(kancolle);4;1985
610107;akaza_akari;4;1983
1387121;tamamo_no_mae_(swimsuit_lancer)_(fate);4;1983
1464778;nakano_yotsuba;4;1983
1631071;jun'you_(kancolle);4;1980
660392;hoshizora_miyuki;4;1977
1631188;miyuki_(kancolle);4;1976
16066;raising_heart;4;1975
416172;kujikawa_rise;4;1967
1467626;anastasia_(fate);4;1960
1440070;kaga_(azur_lane);4;1958
1630677;gangut_(kancolle);4;1953
1159816;mirko;4;1952
1646759;silence_suzuka_(umamusume);4;1950
1627569;fou_(fate);4;1949
1631265;pola_(kancolle);4;1949
663681;honda_mio;4;1948
591906;panty_(psg);4;1945
772426;ohtsuki_yui;4;1941
1250855;hex_maniac_(pokemon);4;1941
1658781;scaramouche_(genshin_impact);4;1941
502807;shinki_(touhou);4;1940
386434;piplup;4;1933
1452668;hassan_of_serenity_(fate);4;1932
414820;lynette_bishop;4;1929
476084;saten_ruiko;4;1929
1488442;bb_(swimsuit_mooncancer)_(fate);4;1926
16082;ryougi_shiki;4;1923
41;suiseiseki;4;1919
1610754;yu_mei-ren_(fate);4;1911
11050;sonozaki_mion;4;1910
1509453;fu_hua;4;1909
1625332;yuuka_(blue_archive);4;1908
1540881;w_(arknights);4;1905
1580066;suzuran_(arknights);4;1905
1817174;inkling_boy;4;1902
553633;lyra_(pokemon);4;1894
1645002;nice_nature_(umamusume);4;1890
721694;tatsumaki;4;1888
1631016;i-168_(kancolle);4;1887
1716513;avatar_(ff11);4;1885
384405;irisviel_von_einzbern;4;1885
445847;charizard;4;1883
1459161;tsukino_mito;4;1883
1675937;kaedehara_kazuha;4;1883
1472743;ibaraki_douji_(fate);4;1882
1387748;katsuki_yuuri;4;1881
1316168;kurosawa_ruby;4;1876
1631510;yuugumo_(kancolle);4;1875
1378262;mallow_(pokemon);4;1874
1406378;shoebill_(kemono_friends);4;1874
1770074;inoue_takina;4;1871
1257126;p-head_producer;4;1869
16122;nico_robin;4;1865
1449263;nia_(xenoblade);4;1865
1387712;viktor_nikiforov;4;1855
1408667;kochou_shinobu;4;1852
1670077;springfield_(girls'_frontline);4;1850
1680379;mash_kyrielight_(dangerous_beast);4;1850
1544632;mostima_(arknights);4;1850
660389;christa_renz;4;1848
1239637;jakuzure_nonon;4;1842
1631211;nachi_(kancolle);4;1842
1534498;meltryllis_(swimsuit_lancer)_(fate);4;1842
1275722;makigumo_(kancolle);4;1841
1506818;neptune_(neptune_series);4;1840
7579;vita;4;1836
438339;rotom;4;1834
664082;miyamoto_frederica;4;1825
383738;vivio;4;1822
1542251;orange_pekoe_(girls_und_panzer);4;1822
1533460;lysithea_von_ordelia;4;1817
1384409;akamatsu_kaede;4;1815
7477;noumi_kudryavka;4;1811
512688;brendan_(pokemon);4;1811
394317;rosalina;4;1811
1693513;elizabeth_bathory_(fate/extra_ccc);4;1810
938279;lyn_(fire_emblem);4;1809
1268743;ujimatsu_chiya;4;1806
171918;android_18;4;1802
666034;akagi_miria;4;1801
713731;tedeza_rize;4;1800
543959;sakura_miku;4;1799
1630542;choukai_(kancolle);4;1799
1629430;mysterious_heroine_xx_(fate);4;1795
1525541;gojou_satoru;4;1789
1222730;sesshouin_kiara;4;1788
1629420;jeanne_d'arc_alter_santa_lily_(fate);4;1787
433649;johnny_joestar;4;1783
1631163;maru-yu_(kancolle);4;1781
1160566;blake_belladonna;4;1780
1549045;tsunomaki_watame;4;1780
14180;lilith_aensland;4;1770
1631225;nagatsuki_(kancolle);4;1764
565443;shinjou_akane;4;1763
628777;yuzuriha_inori;4;1760
1447957;nero_claudius_(bride)_(fate);4;1760
1533066;hilda_valentine_goneril;4;1760
1631102;katsuragi_(kancolle);4;1757
1664919;yoimiya_(genshin_impact);4;1753
1406537;shima_rin;4;1752
1239070;akatsuki_kirika;4;1748
717139;kenzaki_makoto;4;1746
1525756;sonia_(pokemon);4;1745
382079;takara_miyuki;4;1742
1346647;shinomiya_kaguya;4;1742
1533350;morpeko;4;1737
1670933;index_(toaru_majutsu_no_index);4;1734
596343;mima_(touhou);4;1731
753977;sinon;4;1731
8276;bardiche;4;1730
1341257;toga_himiko;4;1730
1440145;javelin_(azur_lane);4;1726
1631425;teruzuki_(kancolle);4;1725
1631244;noshiro_(kancolle);4;1723
1251354;phosphophyllite;4;1721
414816;sakamoto_mio;4;1720
1442305;hiro_(darling_in_the_franxx);4;1719
399147;yowane_haku;4;1717
664359;tachibana_hibiki_(symphogear);4;1717
7914;mizuno_ami;4;1716
10146;koizumi_itsuki;4;1715
1631402;tama_(kancolle);4;1714
1257062;pepperoni_(girls_und_panzer);4;1714
1405419;lucky_beast_(kemono_friends);4;1713
568921;aegis_(persona);4;1709
713449;morikubo_nono;4;1709
1852825;iono_(pokemon);4;1704
4906;lum;4;1703
1670940;last_order_(toaru_majutsu_no_index);4;1702
1630685;gotland_(kancolle);4;1698
1631495;yayoi_(kancolle);4;1693
1631373;suzukaze_(kancolle);4;1690
1292966;asui_tsuyu;4;1689
1644992;manhattan_cafe_(umamusume);4;1688
1631198;sensei_(blue_archive);4;1686
1735921;asashio_kai_ni_(kancolle);4;1680
1602199;ningguang_(genshin_impact);4;1677
1623528;dodoco_(genshin_impact);4;1672
1441509;andou_(girls_und_panzer);4;1669
301250;yae_sakura;4;1668
1631357;shirayuki_(kancolle);4;1667
1275721;kuroshio_(kancolle);4;1666
5036;signum;4;1663
1685269;ceres_fauna;4;1663
1667145;ak-12_(girls'_frontline);4;1662
424944;hanamura_yousuke;4;1661
1350741;darkness_(konosuba);4;1661
496829;makoto_nanaya;4;1657
681874;shiomi_syuko;4;1657
1403842;chiyoda_momo;4;1657
7794;aino_minako;4;1656
606667;kirino_ranmaru;4;1655
1446811;st._louis_(azur_lane);4;1653
529058;hanasaki_tsubomi;4;1649
567872;n_(pokemon);4;1648
399582;lucario;4;1646
1432467;morgan_le_fay_(fate);4;1646
401222;noel_vermillion;4;1644
1317049;seiran_(touhou);4;1643
1248475;jinx_(league_of_legends);4;1640
1646757;special_week_(umamusume);4;1639
1295749;tracer_(overwatch);4;1635
1630510;asashimo_(kancolle);4;1634
1631376;suzutsuki_(kancolle);4;1632
1303014;producer_(idolmaster_cinderella_girls_anime);4;1629
1672736;twilight_(spy_x_family);4;1629
378207;matou_kariya;4;1628
1734277;oda_nobunaga_(koha-ace);4;1628
1344591;matsuno_karamatsu;4;1624
1459170;hachimiya_meguru;4;1624
488853;kasumi_(doa);4;1623
1524282;lio_fotia;4;1622
1243759;horikawa_raiko;4;1621
423669;saber_lily;4;1619
1581062;shiomi_kotone;4;1617
386311;otonashi_kotori;4;1613
664313;moroboshi_kirari;4;1612
386242;sakata_gintoki;4;1611
1300728;oumae_kumiko;4;1604
1344594;matsuno_jyushimatsu;4;1603
1407560;kizuna_ai;4;1602
436994;sakurai_momoka;4;1601
593802;minamino_kanade;4;1600
1631112;kinugasa_(kancolle);4;1599
467096;leaf_(pokemon);4;1595
1630499;arashio_(kancolle);4;1595
1344590;matsuno_osomatsu;4;1595
1678981;kujou_sara;4;1594
1639112;sendai_kai_ni_(kancolle);4;1593
1344593;matsuno_ichimatsu;4;1593
1383241;lusamine_(pokemon);4;1592
1629361;ushiwakamaru_(fate);4;1591
1501023;artoria_pendragon_(lancer_alter)_(fate);4;1590
1799501;karin_(bunny)_(blue_archive);4;1590
1401124;yorha_no._9_type_s;4;1589
663432;kamiya_nao;4;1588
658795;mimura_kanako;4;1585
716185;nishizumi_shiho;4;1585
15221;hanyuu;4;1583
1584593;felicia_(vampire);4;1582
1529256;robin_(fire_emblem)_(female);4;1581
527774;monkey_d._luffy;4;1577
1630529;ayanami_(kancolle);4;1570
1273262;rensouhou-kun;4;1569
1525544;itadori_yuuji;4;1569
1255499;satou_kazuma;4;1567
13036;misumi_nagisa;4;1560
1631054;isuzu_(kancolle);4;1560
42;souseiseki;4;1559
396068;watatsuki_no_yorihime;4;1557
1248309;sendai_hakurei_no_miko;4;1557
1630445;agano_(kancolle);4;1556
1824247;etna_(disgaea);4;1554
1386288;harukawa_maki;4;1554
1467675;symboli_rudolf_(umamusume);4;1553
1493508;princess_king_boo;4;1552
1417247;japanese_crested_ibis_(kemono_friends);4;1551
1245442;i-class_destroyer;4;1550
1586177;omaru_polka;4;1546
1338854;mei_(overwatch);4;1543
1734866;musashi_kai_ni_(kancolle);4;1543
712088;leafa;4;1540
601490;monokuma;4;1540
727253;hojo_karen;4;1540
1522661;angelina_(arknights);4;1539
1316170;ohara_mari;4;1537
1542253;rosehip_(girls_und_panzer);4;1536
1231206;levi_(shingeki_no_kyojin);4;1535
1407467;northern_white-faced_owl_(kemono_friends);4;1535
697698;kirigaya_suguha;4;1531
445901;gengar;4;1525
1682833;satono_diamond_(umamusume);4;1525
1561724;fukumaru_koito;4;1523
657914;tokisaki_kurumi;4;1522
1631141;libeccio_(kancolle);4;1522
1560134;morpeko_(full);4;1522
1560614;saren_(princess_connect!);4;1521
1408471;camilla_(fire_emblem);4;1520
674693;skyla_(pokemon);4;1514
1814848;takodachi_(ninomae_ina'nis);4;1514
1423783;eternity_larva;4;1512
479648;hirasawa_ui;4;1510
427708;ushiromiya_ange;4;1509
354943;edward_elric;4;1505
700409;tsumiki_mikan;4;1504
1447804;oshida_(girls_und_panzer);4;1504
547415;funami_yui;4;1503
1253671;gamagoori_ira;4;1503
1596245;kaeya_(genshin_impact);4;1501
1304225;mikazuki_munechika;4;1500
1561956;bremerton_(scorching-hot_training)_(azur_lane);4;1500
595668;hatsune_miku_(append);4;1496
404724;kagura_(gintama);4;1495
1382909;kawakaze_(kancolle);4;1495
1789597;asakura_toru;4;1495
1629414;artoria_pendragon_(alter_swimsuit_rider)_(fate);4;1494
11427;kasugano_sakura;4;1492
1446812;honolulu_(azur_lane);4;1491
1266581;ramlethal_valentine;4;1490
8586;chibi_usa;4;1489
1525545;fushiguro_megumi;4;1489
1409154;tohru_(maidragon);4;1487
1295790;widowmaker_(overwatch);4;1485
559717;purple_heart;4;1484
10546;vegeta;4;1479
1627626;leonardo_da_vinci_(fate);4;1479
1317200;endeavor_(boku_no_hero_academia);4;1475
401594;palutena;4;1474
1631052;isonami_(kancolle);4;1474
1654650;skadi_the_corrupting_heart_(arknights);4;1474
1459802;shirase_sakuya;4;1472
414819;francesca_lucchini;4;1471
1524986;specter_(arknights);4;1471
418600;kamui_gakupo;4;1470
1317067;ringo_(touhou);4;1470
1467838;oguri_cap_(umamusume);4;1469
432194;tina_branford;4;1465
657793;cure_peace;4;1462
1593680;ashiya_douman_(fate);4;1462
1627803;yang_guifei_(fate);4;1462
432816;kishibe_rohan;4;1459
1303947;kashuu_kiyomitsu;4;1454
1344592;matsuno_choromatsu;4;1454
1551569;nian_(arknights);4;1454
1613891;albedo_(genshin_impact);4;1451
1629640;martha_(fate);4;1450
722867;ymir_(shingeki_no_kyojin);4;1448
1534779;artoria_pendragon_(swimsuit_ruler)_(fate);4;1448
1407816;silver_fox_(kemono_friends);4;1443
1594464;bloop_(gawr_gura);4;1443
474547;uiharu_kazari;4;1441
1631100;katori_(kancolle);4;1440
56878;fujibayashi_kyou;4;1439
8151;hino_rei;4;1437
1493611;kemomimi-chan_(naga_u);4;1437
1631208;myoukou_(kancolle);4;1435
1630559;enemy_aircraft_(kancolle);4;1432
1577501;lisa_(genshin_impact);4;1431
1631408;tashkent_(kancolle);4;1429
403378;yuffie_kisaragi;4;1428
1644998;mihono_bourbon_(umamusume);4;1425
445833;jessie_(pokemon);4;1424
375109;midna;4;1423
1695267;noire_(neptune_series);4;1422
470503;konjiki_no_yami;4;1421
1639094;murakumo_kai_ni_(kancolle);4;1419
1528228;le_malin_(azur_lane);4;1418
1622591;koharu_(blue_archive);4;1417
11051;sonozaki_shion;4;1414
436223;nanasaki_ai;4;1413
1499780;jeanne_d'arc_(swimsuit_archer)_(fate);4;1413
1631062;jervis_(kancolle);4;1411
1257906;elsa_(frozen);4;1410
1627580;helena_blavatsky_(fate);4;1410
1405975;grey_wolf_(kemono_friends);4;1410
428744;yuri_lowell;4;1409
1627695;marie_antoinette_(fate);4;1409
344358;roronoa_zoro;4;1407
1410565;fujiwara_chika;4;1407
1644994;mayano_top_gun_(umamusume);4;1405
437685;bayonetta;4;1404
1409820;ezo_red_fox_(kemono_friends);4;1401
550010;tsukikage_yuri;4;1400
1627756;scathach_skadi_(fate);4;1400
1292970;yaoyorozu_momo;4;1399
439343;ragna_the_bloodedge;4;1397
1288044;popuko;4;1397
1757557;jeanne_d'arc_alter_(ver._shinjuku_1999)_(fate);4;1397
466937;higashi_setsuna;4;1396
1630671;furutaka_(kancolle);4;1396
1627727;osakabe-hime_(fate);4;1396
8545;kamio_misuzu;4;1394
1768632;mysterious_heroine_x_alter_(fate);4;1393
1586174;momosuzu_nene;4;1393
8107;bulma;4;1391
1186381;arch_bishop_(ragnarok_online);4;1391
674691;elesa_(pokemon);4;1391
1421907;komi_shouko;4;1391
1368824;takamaki_anne;4;1390
518079;tiki_(fire_emblem);4;1389
126661;furukawa_nagisa;4;1389
1862749;aris_(blue_archive);4;1389
1307612;nishi_kinuyo;4;1388
1524993;saria_(arknights);4;1388
401823;sonic_the_hedgehog;4;1387
1365551;sakura_futaba;4;1387
1786496;artoria_caster_(fate);4;1387
1344595;matsuno_todomatsu;4;1385
1495228;konno_junko;4;1385
602082;charlotte_dunois;4;1384
392481;madotsuki;4;1383
1631161;mamiya_(kancolle);4;1383
54495;jean_pierre_polnareff;4;1380
1630726;hayashimo_(kancolle);4;1379
707037;hoshi_syoko;4;1378
1258989;failure_penguin;4;1378
1532748;byleth_(fire_emblem)_(male);4;1371
1599722;aru_(blue_archive);4;1371
1304908;yamato-no-kami_yasusada;4;1369
606875;little_red_riding_hood_(grimm);4;1368
1572074;lucifer_(helltaker);4;1367
419122;tatsumi_kanji;4;1364
384100;natsume_rin;4;1363
544077;kris_(pokemon);4;1362
1534338;kicchou_yachie;4;1362
1589926;kamina_(ttgl);4;1360
592111;oshawott;4;1357
695285;sakuma_mayu;4;1356
682208;bridget_(guilty_gear);4;1354
1630503;ark_royal_(kancolle);4;1351
1459804;tsukioka_kogane;4;1351
610092;yoshikawa_chinatsu;4;1349
1525577;hoshiguma_(arknights);4;1348
361258;ranma-chan;4;1347
1462453;morino_rinze;4;1347
714995;yuno_(hidamari_sketch);4;1344
520787;elin;4;1342
1631092;kamoi_(kancolle);4;1342
1517401;lize_helesta;4;1342
970886;roll_(mega_man);4;1338
382240;nekomusume;4;1337
1667148;m4a1_(girls'_frontline);4;1337
935913;alice_margatroid_(pc-98);4;1335
1588986;abigail_williams_(swimsuit_foreigner)_(fate);4;1334
1243753;tsukumo_benben;4;1332
510496;ryu_(street_fighter);4;1330
446937;reiuji_utsuho_(bird);4;1330
1533840;kurokoma_saki;4;1330
8152;kino_makoto;4;1329
1667154;an-94_(girls'_frontline);4;1329
1674212;irys_(hololive);4;1327
1551542;dido_(azur_lane);4;1325
13037;yukishiro_honoka;4;1323
424220;silver_(pokemon);4;1322
1460817;kuwayama_chiyuki;4;1321
1581646;noelle_(genshin_impact);4;1321
1386217;umikaze_(kancolle);4;1320
1419028;komano_aunn;4;1318
1805355;suletta_mercury;4;1316
1377502;tamura_yuri;4;1311
1412756;theresa_apocalypse;4;1309
1467925;vodka_(umamusume);4;1308
1526355;wattson_(apex_legends);4;1308
1539717;reze_(chainsaw_man);4;1308
547150;myoudouin_itsuki;4;1307
1433946;marina_(splatoon);4;1307
1479089;okita_souji_alter_(fate);4;1306
1631145;little_boy_admiral_(kancolle);4;1305
1514982;elio_(pokemon);4;1305
1451890;kaguya_luna;4;1304
1618002;slime_(genshin_impact);4;1303
816414;joseph_joestar_(old);4;1302
1630693;hagikaze_(kancolle);4;1302
1732422;kasumi_kai_ni_(kancolle);4;1302
1584986;hoshino_(blue_archive);4;1301
428824;bruno_bucciarati;4;1299
1307567;cagliostro_(granblue_fantasy);4;1299
1627148;koyanskaya_(fate);4;1299
445414;bianca_(pokemon);4;1297
663499;totoki_airi;4;1297
658638;oreki_houtarou;4;1296
1375862;mimikyu;4;1296
1513845;scorbunny;4;1296
387299;prisma_illya;4;1292
1360561;natsuki_subaru;4;1292
1438046;android_21;4;1292
1631358;shouhou_(kancolle);4;1291
451173;haramura_nodoka;4;1290
617637;oomuro_sakurako;4;1290
1695263;blanc_(neptune_series);4;1289
1667146;g11_(girls'_frontline);4;1287
1462526;higuchi_kaede;4;1286
1549066;himemori_luna;4;1285
1649113;gilles_de_rais_(caster)_(fate);4;1283
487228;sengoku_nadeko;4;1283
1304230;tsurumaru_kuninaga;4;1280
396219;tokiko_(touhou);4;1276
1597302;beidou_(genshin_impact);4;1275
405776;riesz;4;1274
1222667;ike_(fire_emblem);4;1274
1630643;etorofu_(kancolle);4;1274
1667152;m4_sopmod_ii_(girls'_frontline);4;1273
1527621;marianne_von_edmund;4;1273
1432308;nishida_satono;4;1272
12091;tohno_akiha;4;1270
1630653;fletcher_(kancolle);4;1269
1392841;altera_(fate);4;1268
1533372;miyamoto_musashi_(swimsuit_berserker)_(fate);4;1268
416940;su-san;4;1267
1258306;ninomiya_asuka;4;1267
1682831;kitasan_black_(umamusume);4;1266
1470527;natori_sana;4;1265
489852;akizuki_ryo;4;1264
1296572;todoroki_shouto;4;1259
663460;sasaki_chie;4;1257
1667150;st_ar-15_(girls'_frontline);4;1256
1535146;schwarz_(arknights);4;1255
1226975;diana_cavendish;4;1254
653217;nepgear;4;1253
1630497;arashi_(kancolle);4;1252
1407454;atalanta_(fate);4;1249
710980;kadotani_anzu;4;1247
1406536;kagamihara_nadeshiko;4;1246
1654886;kudamaki_tsukasa;4;1246
622669;alisa_ilinichina_amiella;4;1245
570743;kirin_(armor);4;1244
1630636;enemy_lifebuoy_(kancolle);4;1244
1525687;blue_poison_(arknights);4;1244
1677020;fairy_knight_tristan_(fate);4;1242
599168;hourai_doll;4;1241
475559;araragi_koyomi;4;1240
7449;daidouji_tomoyo;4;1238
618147;honma_meiko;4;1238
1511279;murasaki_shikibu_(fate);4;1237
1508231;sunazuka_akira;4;1236
532518;cure_marine;4;1233
1544952;piers_(pokemon);4;1233
464857;sailor_mercury;4;1231
430852;hachikuji_mayoi;4;1231
437588;kuma_(persona_4);4;1231
1762182;ranni_the_witch;4;1231
408655;kasane_teto;4;1230
1631154;maikaze_(kancolle);4;1230
1522707;siege_(arknights);4;1230
1440177;z23_(azur_lane);4;1229
433648;gyro_zeppeli;4;1228
1305388;namazuo_toushirou;4;1226
421102;minna-dietlinde_wilcke;4;1225
1630544;colorado_(kancolle);4;1224
1432310;teireida_mai;4;1223
1627780;tokitarou_(fate);4;1222
389156;frederica_bernkastel;4;1221
1631255;ooshio_(kancolle);4;1221
4908;kero;4;1220
1513846;sobble;4;1219
1525770;hop_(pokemon);4;1218
1719005;hakui_koyori;4;1218
445954;bulbasaur;4;1215
618301;ivan_karelin;4;1215
542683;sonya_(kill_me_baby);4;1214
593284;naegi_makoto;4;1214
1529257;robin_(fire_emblem)_(male);4;1214
1425456;seele_vollerei;4;1213
1631260;oyashio_(kancolle);4;1211
1282191;hoshino_fumina;4;1210
1388692;touhoku_kiritan;4;1210
181219;kirijou_mitsuru;4;1208
1631270;richelieu_(kancolle);4;1208
596093;caren_hortensia;4;1205
1300741;kousaka_reina;4;1205
1305386;honebami_toushirou;4;1204
1625330;hibiki_(blue_archive);4;1204
597205;silica;4;1201
11052;maebara_keiichi;4;1199
734427;sona_(league_of_legends);4;1199
592340;snivy;4;1197
1675744;selen_tatsuki;4;1196
633741;furutani_himawari;4;1194
375278;tohsaka_tokiomi;4;1193
1414917;alpaca_suri_(kemono_friends);4;1193
1512399;wraith_(apex_legends);4;1193
1299395;amanogawa_kirara;4;1192
513774;shantae;4;1190
1624311;nagi_(kannagi);4;1189
1303946;midare_toushirou;4;1187
1531714;baltimore_(azur_lane);4;1185
533537;ciel_(tsukihime);4;1184
1407495;eurasian_eagle_owl_(kemono_friends);4;1184
1536889;kanroji_mitsuri;4;1181
1622307;hasumi_(blue_archive);4;1181
1472521;medea_(fate);4;1180
1630505;asagumo_(kancolle);4;1178
1443455;igarashi_futaba_(shiromanta);4;1178
1441567;monika_(doki_doki_literature_club);4;1177
681655;oikawa_shizuku;4;1175
1242334;ta-class_battleship;4;1174
1575935;nagatoro_hayase;4;1171
1181678;boo_(mario);4;1168
1341419;anila_(granblue_fantasy);4;1168
1288043;pipimi;4;1166
1383156;gladion_(pokemon);4;1163
1571821;modeus_(helltaker);4;1163
1542249;assam_(girls_und_panzer);4;1162
1630538;chitose_(kancolle);4;1162
1242336;ru-class_battleship;4;1160
1827774;sanji_(one_piece);4;1158
1533833;haniyasushin_keiki;4;1158
1641844;yanfei_(genshin_impact);4;1157
1399519;tamaki_iroha;4;1156
7459;white_mage;4;1155
1719006;kazama_iroha;4;1153
375868;kururugi_suzaku;4;1152
672515;abe_nana;4;1152
1277829;sento_isuzu;4;1152
1318793;zeta_(granblue_fantasy);4;1152
1667157;m16a1_(girls'_frontline);4;1149
717606;yukinoshita_yukino;4;1148
1696728;rydia_(ff4);4;1147
445832;james_(pokemon);4;1145
445831;green_(pokemon);4;1145
1292110;shidare_hotaru;4;1145
1442807;marie_(girls_und_panzer);4;1145
1374966;kamado_tanjirou;4;1144
1544888;victor_(pokemon);4;1143
1631180;mikuma_(kancolle);4;1142
1305416;saniwa_(touken_ranbu);4;1142
8760;kusanagi_motoko;4;1139
1596439;mutsuki_(blue_archive);4;1139
12208;shihouin_yoruichi;4;1138
709319;yuigahama_yui;4;1134
533539;kohaku_(tsukihime);4;1133
1536880;zara_(azur_lane);4;1133
644430;rias_gremory;4;1132
1631019;i-26_(kancolle);4;1131
1405299;emperor_penguin_(kemono_friends);4;1130
1781047;artoria_pendragon_(alter_swimsuit_rider)_(second_ascension)_(fate);4;1129
1630536;chikuma_(kancolle);4;1128
1467946;haru_urara_(umamusume);4;1128
1667163;commander_(girls'_frontline);4;1127
1406070;jaguar_(kemono_friends);4;1127
7559;luigi;4;1126
1630717;hatsushimo_(kancolle);4;1126
1496142;minamoto_sakura;4;1126
10145;tsuruya;4;1125
1630667;fumizuki_(kancolle);4;1125
558421;high_priest_(ragnarok_online);4;1122
1630715;hatsukaze_(kancolle);4;1122
464855;sailor_venus;4;1121
459048;momozono_love;4;1121
1627521;boudica_(fate);4;1118
575975;iris_(pokemon);4;1117
544078;lucas_(pokemon);4;1116
425768;umbreon;4;1116
528716;yui_(angel_beats!);4;1116
746341;tharja_(fire_emblem);4;1116
1399291;pod_(nier_automata);4;1116
1368823;niijima_makoto;4;1115
374467;princess_daisy;4;1114
1724523;irida_(pokemon);4;1114
1452674;frankenstein's_monster_(fate);4;1113
727697;sylveon;4;1113
1492381;shiina_yuika;4;1113
630836;huang_baoling;4;1112
1525780;rotom_phone;4;1112
502557;nu-13;4;1111
1639053;fubuki_kai_ni_(kancolle);4;1111
1495229;mizuno_ai;4;1111
1657251;elira_pendora;4;1111
1492855;hawks_(boku_no_hero_academia);4;1110
12518;leona_heidern;4;1108
1401930;nemoto_hina;4;1108
712140;kawashima_momo;4;1107
1589903;yin_(darker_than_black);4;1105
1239071;tsukuyomi_shirabe;4;1105
1498626;rita_rossweisse;4;1105
445848;squirtle;4;1104
1292974;ashido_mina;4;1104
1645011;tamamo_cross_(umamusume);4;1104
1496188;yuzuki_choco;4;1104
1626315;dusk_(arknights);4;1103
1556681;rex_(xenoblade);4;1102
1349628;fubuki_(one-punch_man);4;1100
1125853;enkidu_(fate);4;1098
1304228;izumi-no-kami_kanesada;4;1097
464856;sailor_mars;4;1096
1431995;minamoto_no_raikou_(swimsuit_lancer)_(fate);4;1095
1594449;kashino_(azur_lane);4;1095
1542542;higashiyama_kobeni;4;1094
1631147;littorio_(kancolle);4;1093
1846970;rebecca_(cyberpunk);4;1093
1281721;slaine_troyard;4;1092
1619061;jumpy_dumpty;4;1091
1232066;armin_arlert;4;1089
555;haro;4;1088
1440247;yamashiro_(azur_lane);4;1088
1534340;joutouguu_mayumi;4;1088
1589993;chongyun_(genshin_impact);4;1088
1629448;passionlip_(fate);4;1086
1631088;kako_(kancolle);4;1086
1631518;zara_(kancolle);4;1086
1846070;hibiki_(cheerleader)_(blue_archive);4;1086
423518;berserker_(fate/zero);4;1085
420502;guido_mista;4;1085
1631246;nowaki_(kancolle);4;1085
1629366;xuangzang_sanzang_(fate);4;1085
396070;watatsuki_no_toyohime;4;1084
425771;glaceon;4;1083
713156;hoshimiya_ichigo;4;1082
1630728;hayasui_(kancolle);4;1080
1518710;hisakawa_hayate;4;1079
1489783;carpaccio_(girls_und_panzer);4;1077
1298160;kotonoha_akane;4;1077
1391739;karna_(fate);4;1076
528478;sabrina_(pokemon);4;1074
1644983;eishin_flash_(umamusume);4;1073
550750;cure_sunshine;4;1072
1447775;katou_asuka;4;1072
1631068;johnston_(kancolle);4;1072
421683;angel_(kof);4;1071
1481030;caenis_(fate);4;1071
1517396;ange_katrina;4;1070
1518711;hisakawa_nagi;4;1070
422389;cyndaquil;4;1069
902082;tateyama_ayano;4;1069
1295903;pharah_(overwatch);4;1069
1560602;kyouka_(princess_connect!);4;1069
421660;tsunade_(naruto);4;1067
1533343;bede_(pokemon);4;1067
542685;oribe_yasuna;4;1065
1332548;chi-chi_(dragon_ball);4;1064
472786;america_(hetalia);4;1063
657796;cure_beauty;4;1062
1527167;azura_(fire_emblem);4;1060
7583;fukuzawa_yumi;4;1059
564326;nakamura_yuri;4;1059
1517393;inui_toko;4;1059
1611363;kureiji_ollie;4;1059
416695;uryuu_ryuunosuke;4;1058
1589994;xingqiu_(genshin_impact);4;1058
394620;yuuki_mikan;4;1057
1814893;magical_mirai_miku;4;1055
1629357;medb_(fate);4;1055
1462508;tokino_sora;4;1054
8305;tomoe_hotaru;4;1052
1627153;medjed_(fate);4;1051
1522347;suzuhara_lulu;4;1051
1515913;reines_el-melloi_archisorte;4;1050
1440644;inuyama_aoi;4;1049
12258;katsuragi_misato;4;1046
503437;eve_(elsword);4;1046
1177793;katou_megumi;4;1046
439063;rachel_alucard;4;1043
12210;kuchiki_rukia;4;1042
15312;millia_rage;4;1040
1685273;tsukumo_sana;4;1040
532519;cure_blossom;4;1039
587823;tsurumaki_maki;4;1039
1631192;mochizuki_(kancolle);4;1038
1541326;hoshikawa_sara;4;1038
1789592;osaki_amana;4;1036
6177;moogle;4;1034
601379;takagi-san;4;1034
1620953;hifumi_(blue_archive);4;1034
654355;kazanari_tsubasa;4;1033
1515526;serizawa_asahi;4;1033
485033;sora_(kingdom_hearts);4;1032
1732814;kongou_kai_ni_(kancolle);4;1031
1607439;arjuna_(fate);4;1031
1343724;miyamizu_mitsuha;4;1031
382261;subaru_nakajima;4;1029
596939;akali;4;1029
1402193;nanachi_(made_in_abyss);4;1027
1420942;yuuki_setsuna_(love_live!);4;1027
445845;charmander;4;1025
428743;estellise_sidos_heurassein;4;1025
592339;tepig;4;1024
1387115;scathach_(swimsuit_assassin)_(fate);4;1024
1593360;bibi_(tokoyami_towa);4;1023
1617664;rosaria_(genshin_impact);4;1023
186196;winry_rockbell;4;1021
1241333;sanageyama_uzu;4;1020
101524;bowser;4;1019
15840;kos-mos;4;1018
1155353;kars_(jojo);4;1018
664191;tada_riina;4;1018
1241962;kishinami_hakuno_(female);4;1017
1541815;rabbit_yukine;4;1017
1334378;albedo_(overlord);4;1017
1366296;popplio;4;1017
1448421;pearl_(splatoon);4;1016
1525546;kugisaki_nobara;4;1016
1554856;hayakawa_aki;4;1016
1304904;horikawa_kunihiro;4;1014
1522439;niwatari_kutaka;4;1014
1280966;kaneki_ken;4;1013
1722586;abigail_williams_(traveling_outfit)_(fate);4;1013
1509864;prinz_eugen_(unfading_smile)_(azur_lane);4;1012
1530489;eyjafjalla_(arknights);4;1012
1646767;twin_turbo_(umamusume);4;1012
7566;kamikita_komari;4;1010
628623;sorceress_(dragon's_crown);4;1009
12099;komaki_manaka;4;1008
1462463;arisugawa_natsuha;4;1008
1503277;makaino_ririmu;4;1008
1519338;nursery_rhyme_(fate);4;1007
1631276;roma_(kancolle);4;1007
1436151;uzaki_hana;4;1006
87514;cure_black;4;1005
1318266;clarisse_(granblue_fantasy);4;1004
425767;espeon;4;1003
1631106;kazagumo_(kancolle);4;1002
1334050;frisk_(undertale);4;1002
1462454;sonoda_chiyoko;4;999
9090;mizunashi_akari;4;998
385133;ushiromiya_maria;4;998
705643;ib_(ib);4;998
716728;kitashirakawa_tamako;4;998
1341416;ferry_(granblue_fantasy);4;995
1412049;mitake_ran;4;994
1350177;violet_evergarden;4;993
1805391;miorine_rembran;4;993
1627618;king_hassan_(fate);4;992
1243761;tsukumo_yatsuhashi;4;991
1386434;momota_kaito;4;990
715313;marth_(fire_emblem);4;989
1319288;yoroizuka_mizore;4;989
1459806;tanaka_mamimi;4;989
1631437;tsushima_(kancolle);4;988
1285741;suzukaze_aoba;4;986
1643885;mari_(blue_archive);4;985
657794;cure_march;4;983
1639062;haruna_kai_ni_(kancolle);4;983
286;kooh;4;982
176593;takeba_yukari;4;982
1631396;takanami_(kancolle);4;982
1548047;vikala_(granblue_fantasy);4;982
1229728;kitazawa_shiho;4;981
1292136;raphtalia;4;981
1462457;komiya_kaho;4;981
677075;reiner_braun;4;979
1387746;yuri_plisetsky;4;978
539676;taneshima_popura;4;977
1631040;intrepid_(kancolle);4;977
1333583;kozakura_marry;4;974
1630474;akitsushima_(kancolle);4;974
657791;cure_happy;4;971
1660217;lucoa_(maidragon);4;971
431436;momo_velia_deviluke;4;970
1806092;shiroko_(swimsuit)_(blue_archive);4;970
1768637;miyu_(blue_archive);4;970
1403111;sucy_manbavaran;4;969
464858;sailor_jupiter;4;968
1513843;grookey;4;967
14569;jill_valentine;4;966
402795;meowth;4;966
717859;nate_(pokemon);4;965
717540;yotsuba_alice;4;965
7570;hina_ichigo;4;964
12207;inoue_orihime;4;964
480039;manabe_nodoka;4;963
605171;kujou_karen;4;963
1435314;oyama_mahiro;4;962
401814;saotome_alto;4;960
594282;cure_melody;4;960
16268;son_gohan;4;958
1257905;shirayuki_hime;4;958
487246;araragi_karen;4;956
618134;karina_lyle;4;956
1783170;meltryllis_(swimsuit_lancer)_(first_ascension)_(fate);4;955
1579977;cheshire_(azur_lane);4;955
1654887;iizunamaru_megumu;4;955
1303902;miss_cloud;4;952
472784;japan_(hetalia);4;951
1362417;elaina_(majo_no_tabitabi);4;951
1290263;danua;4;950
1349627;saitama_(one-punch_man);4;948
1464773;nakano_itsuki;4;948
7587;toudou_shimako;4;946
655527;kayneth_el-melloi_archibald;4;946
445933;vaporeon;4;946
1442307;ichigo_(darling_in_the_franxx);4;946
1584985;nonomi_(blue_archive);4;946
354942;alphonse_elric;4;945
13066;okazaki_yumemi;4;945
1572402;xiangling_(genshin_impact);4;945
9687;kula_diamond;4;944
1373495;airfield_princess;4;943
6000;baiken;4;942
1230568;isabelle_(animal_crossing);4;939
1401126;yorha_type_a_no._2;4;938
1684882;florence_nightingale_(trick_or_treatment)_(fate);4;938
554323;may_(guilty_gear);4;937
1583984;kino_(kino_no_tabi);4;937
445840;jigglypuff;4;937
597292;fujisaki_chihiro;4;936
472787;united_kingdom_(hetalia);4;934
1767936;cu_chulainn_alter_(fate);4;934
1654888;tenkyuu_chimata;4;934
664000;ichihara_nina;4;933
717654;kiriya_aoi;4;931
615130;anjou_naruko;4;930
1630481;amagi_(kancolle);4;929
1436229;uehara_ayumu;4;929
533538;hisui_(tsukihime);4;928
701392;mioda_ibuki;4;928
1644977;agnes_digital_(umamusume);4;928
508153;okabe_rintarou;4;927
713607;sawa_azusa;4;927
1473353;arthur_pendragon_(fate);4;926
1766156;astolfo_(sailor_paladin)_(fate);4;926
376498;zidane_tribal;4;925
1323324;yuna_(ff10);4;922
456946;assassin_(fate/zero);4;922
610702;oktavia_von_seckendorff;4;919
628849;yuuki_(sao);4;919
1630548;commandant_teste_(kancolle);4;919
438329;torchic;4;918
471218;aragaki_ayase;4;918
745262;celestia_ludenberg;4;918
1631110;kinu_(kancolle);4;916
1645007;seiun_sky_(umamusume);4;916
1677018;fairy_knight_gawain_(fate);4;916
10082;sephiroth;4;915
688703;miia_(monster_musume);4;915
1606513;len_(tsukihime);4;914
1672711;suomi_(girls'_frontline);4;914
12093;tohno_shiki;4;913
606666;shindou_takuto;4;913
1631480;yamagumo_(kancolle);4;913
620348;keith_goodman;4;912
1405056;lion_(kemono_friends);4;912
1055501;micaiah_(fire_emblem);4;911
439615;misaka_imouto;4;910
1478568;merlin_(fate);4;910
1445023;hikawa_hina;4;908
567695;cheren_(pokemon);4;907
1468121;nakano_ichika;4;907
1677022;fairy_knight_lancelot_(fate);4;907
16210;lenna_charlotte_tycoon;4;901
388724;lala_satalin_deviluke;4;900
1783064;miyamoto_musashi_(swimsuit_berserker)_(second_ascension)_(fate);4;900
1591636;goh_(pokemon);4;899
1515002;aisha_landar;4;898
425936;doujima_nanako;4;898
1533061;bernadetta_von_varley;4;898
1627134;euryale_(fate);4;897
676594;lulu_(league_of_legends);4;897
474262;slime_(dragon_quest);4;896
471221;kousaka_kyousuke;4;896
1630493;aquila_(kancolle);4;896
1235294;kurokawa_eren;4;895
1304226;hotarumaru;4;894
1444059;hammann_(azur_lane);4;894
1459172;sakuragi_mano;4;894
1564800;moona_hoshinova;4;894
1598866;sucrose_(genshin_impact);4;894
1672682;type_95_(girls'_frontline);4;892
1631536;hilichurl_(genshin_impact);4;891
1762549;mordred_(memories_at_trifas)_(fate);4;889
1319289;kasaki_nozomi;4;889
16119;star_platinum;4;888
428825;narancia_ghirga;4;888
743241;racing_miku;4;888
1644970;grass_wonder_(umamusume);4;888
1487055;sasaki_saku;4;888
378846;tenjouin_asuka;4;887
252261;godzilla;4;887
1667166;ro635_(girls'_frontline);4;887
1439987;cleveland_(azur_lane);4;887
1311289;lyria_(granblue_fantasy);4;886
1631984;ako_(blue_archive);4;886
1314604;sakurajima_mai;4;885
1534941;claude_von_riegan;4;885
664381;mukai_takumi;4;884
1254335;marie_rose;4;884
1366290;okumura_haru;4;884
663434;kohinata_miho;4;883
1688938;vira_(granblue_fantasy);4;883
1439979;graf_zeppelin_(azur_lane);4;883
1477331;osaki_tenka;4;883
596161;steven_stone;4;882
601489;maizono_sayaka;4;882
1459180;kazano_hiori;4;882
547417;sugiura_ayano;4;881
587354;lux_(league_of_legends);4;881
1235700;seiren_(suite_precure);4;880
662499;nibutani_shinka;4;880
396114;lei_lei;4;878
1631064;jingei_(kancolle);4;876
1298161;kotonoha_aoi;4;875
1420690;hikawa_sayo;4;875
1500657;hayasaka_ai;4;875
1525261;platinum_(arknights);4;875
16208;faris_scherwiz;4;873
378317;garnet_til_alexandros_xvii;4;873
621741;nyarlathotep_(nyaruko-san);4;873
1292965;jirou_kyouka;4;873
1524996;ifrit_(arknights);4;873
1524346;pramanix_(arknights);4;872
1275716;hatsuharu_(kancolle);4;871
1690906;kamisato_ayato;4;871
661692;dante_(devil_may_cry);4;870
660387;annie_leonhardt;4;870
1631235;nenohi_(kancolle);4;870
1246021;momoe_nagisa;4;870
1456824;nekomusume_(gegege_no_kitarou_6);4;870
12213;matsumoto_rangiku;4;868
1630540;chiyoda_(kancolle);4;867
12095;aozaki_aoko;4;866
1462223;hatoba_tsugu;4;866
1557434;ceobe_(arknights);4;866
1606545;diona_(genshin_impact);4;865
726764;sakura_chiyo;4;864
1591011;nia_(blade)_(xenoblade);4;864
1569872;yuuki_(princess_connect!);4;864
1594283;shinano_(azur_lane);4;864
1594498;alice_zuberg;4;863
1257904;aino_megumi;4;863
1337528;aki_(girls_und_panzer);4;863
411080;lopunny;4;862
665521;ogata_chieri;4;861
893075;suou_momoko;4;861
1461094;shizuka_rin;4;860
1480638;nadia_la_arwall;4;859
526169;trunks_(dragon_ball);4;859
491993;chibi_miku;4;859
657795;cure_sunny;4;859
1258956;anna_(frozen);4;859
466365;mega_man_(character);4;858
1552816;blaze_(arknights);4;858
1719012;takane_lui;4;858
1455448;nagato_(azur_lane);4;857
465401;ten'ou_haruka;4;856
981832;guts_(berserk);4;855
503373;furudo_erika;4;854
701163;kisaragi_shintarou;4;854
1340376;murata_himeko;4;854
1544890;allister_(pokemon);4;854
87516;cure_white;4;853
1829230;octoling_girl;4;853
1267895;ayane_(doa);4;851
452145;miyanaga_saki;4;851
487224;kanbaru_suruga;4;851
890228;alisa_(girls_und_panzer);4;851
1478519;cu_chulainn_(caster)_(fate);4;851
1304346;yagen_toushirou;4;851
1479891;rimuru_tempest;4;851
1427681;luoxiaohei;4;851
1572068;cerberus_(helltaker);4;851
602083;laura_bodewig;4;849
606793;alastor_(shakugan_no_shana);4;848
416104;eva_02;4;848
461883;chikorita;4;848
1630999;hiyou_(kancolle);4;848
557902;priest_(ragnarok_online);4;847
1243506;magical_ruby;4;847
411757;roy_(fire_emblem);4;847
425769;leafeon;4;847
717114;kasumigaoka_utaha;4;847
1644982;curren_chan_(umamusume);4;847
1246632;monomi_(danganronpa);4;846
1537880;dimitri_alexandre_blaiddyd;4;845
1627523;bradamante_(fate);4;845
520564;lucy_heartfilia;4;844
588022;cecilia_alcott;4;844
1275714;arare_(kancolle);4;844
381743;yumehara_nozomi;4;843
652455;maou_(maoyuu);4;843
712653;kondou_taeko;4;843
1631178;mikazuki_(kancolle);4;842
1682834;matikane_tannhauser_(umamusume);4;842
437349;garchomp;4;841
877404;yokoyama_nao;4;840
1631405;tanikaze_(kancolle);4;840
1412894;tsurumaki_kokoro;4;840
1584990;arona_(blue_archive);4;840
1592675;bianca_(dq5);4;838
1631297;samuel_b._roberts_(kancolle);4;837
1578300;taihou_(enraptured_companion)_(azur_lane);4;837
1733431;murasame_kai_ni_(kancolle);4;836
1631290;sagiri_(kancolle);4;836
1792537;zabaniyya_(housamo);4;836
1533059;dorothea_arnault;4;836
662826;himejima_akeno;4;835
1631170;matsuwa_(kancolle);4;834
1439994;akashi_(azur_lane);4;833
1525557;nanami_kento;4;832
1551985;sirius_(azure_horizons)_(azur_lane);4;832
1222099;nanao_yuriko;4;830
1551455;silence_(arknights);4;830
445935;flareon;4;829
623899;shirabe_ako;4;829
382135;reinforce_zwei;4;828
467599;takoluka;4;828
1270627;jouga_maya;4;828
1327418;maria_cadenzavna_eve;4;825
1205702;kirishima_touka;4;825
1560591;yui_(princess_connect!);4;825
1345441;asahina_mirai;4;825
1572071;justice_(helltaker);4;825
1645715;zero_(mega_man);4;824
1239636;inumuta_houka;4;824
1605760;iori_(blue_archive);4;824
1285682;iroha_(samurai_spirits);4;823
1644965;air_groove_(umamusume);4;823
691588;pit_(kid_icarus);4;822
457596;diego_brando;4;822
1279056;revy_(black_lagoon);4;821
1124739;angela_balzac;4;821
1515527;izumi_mei;4;821
14172;rainbow_mika;4;820
398745;lambdadelta;4;820
420074;izayoi_aki;4;820
1528909;corrin_(fire_emblem)_(male);4;819
1631288;sado_(kancolle);4;818
1536980;zara_(poolside_coincidence)_(azur_lane);4;818
1644973;narita_brian_(umamusume);4;817
1631002;hornet_(kancolle);4;817
1390755;cosmog;4;816
1263716;kiss-shot_acerola-orion_heart-under-blade;4;815
1247199;braixen;4;815
1630508;asakaze_(kancolle);4;815
1571010;takasaki_yuu;4;815
507427;anegasaki_nene;4;814
1572599;rosmontis_(arknights);4;813
1753908;goldenglow_(arknights);4;812
439179;mohammed_avdol;4;811
1291135;elphelt_valentine;4;811
8711;prinny;4;810
654784;lord_el-melloi_ii;4;810
435392;boa_hancock;4;809
628333;yumi_(senran_kagura);4;809
1293670;yamada_elf;4;809
536735;yuuki_juudai;4;807
666040;takamori_aiko;4;807
1351075;yunyun_(konosuba);4;807
176585;yamagishi_fuuka;4;806
50896;pichu;4;806
429524;mudkip;4;806
1408788;brown_bear_(kemono_friends);4;806
434747;kira_yoshikage;4;805
1630704;harukaze_(kancolle);4;805
1439976;kisaragi_(azur_lane);4;805
1353706;mumei_(kabaneri);4;804
1367142;litten;4;804
487247;araragi_tsukihi;4;803
711467;kamukura_izuru;4;803
1462595;andira_(granblue_fantasy);4;803
1631293;sakawa_(kancolle);4;802
1369698;hau_(pokemon);4;801
378592;usada_hikaru;4;799
400139;kaiou_michiru;4;799
1790620;clumsy_nun_(diva);4;799
1760945;kuki_shinobu;4;799
555676;makoto_(street_fighter);4;798
538729;cure_moonlight;4;798
1629426;mysterious_heroine_x_(fate);4;798
1765868;jeanne_d'arc_alter_(avenger)_(third_ascension)_(fate);4;798
1506004;amagi_(azur_lane);4;798
1628204;momoi_(blue_archive);4;798
1768617;scathach_(piercing_bunny)_(fate);4;794
668055;kohinata_miku;4;793
1628203;midori_(blue_archive);4;793
414192;rx-78-2;4;792
436529;toon_link;4;792
1304942;female_saniwa_(touken_ranbu);4;792
1443456;takeda_harumi_(shiromanta);4;792
616166;caitlyn_(league_of_legends);4;791
1374971;female_protagonist_(pokemon_go);4;791
1420943;tennouji_rina;4;791
684942;garry_(ib);4;790
713599;koyama_yuzu;4;790
1302247;sawamura_spencer_eriri;4;790
1695265;vert_(neptune_series);4;789
1644990;king_halo_(umamusume);4;789
1846972;lucy_(cyberpunk);4;789
1764432;jeanne_d'arc_(third_ascension)_(fate);4;788
1252365;calem_(pokemon);4;787
1270628;natsu_megumi;4;787
1472931;y'shtola_rhul;4;786
664518;kobayakawa_sae;4;786
390798;eva_01;4;783
462517;yamabuki_inori;4;783
1407120;humboldt_penguin_(kemono_friends);4;783
1456294;admiral_graf_spee_(azur_lane);4;783
1233044;yuuki_haru;4;782
420577;shampoo_(ranma_1/2);4;781
455510;cure_peach;4;781
1432652;jack-o'_valentine;4;781
1578189;atago_(stunning_speedster)_(azur_lane);4;781
1398095;hinatsuru_ai;4;780
437875;takei_hisa;4;779
1452666;brynhildr_(fate);4;779
664499;hino_akane_(idolmaster);4;778
1627556;edmond_dantes_(fate);4;778
701389;sonia_nevermind;4;777
1579913;yamato_(one_piece);4;777
1404427;tsuchinoko_(kemono_friends);4;776
1569874;yuni_(princess_connect!);4;776
1561721;ichikawa_hinana;4;776
1211856;kiki_(majo_no_takkyuubin);4;775
1419237;tanned_cirno;4;775
1405052;moose_(kemono_friends);4;775
1600783;ryoumen_sukuna_(jujutsu_kaisen);4;775
1379601;guzma_(pokemon);4;773
765367;chrom_(fire_emblem);4;771
1593833;crewmate_(among_us);4;771
16164;celes_chere;4;770
545377;pannacotta_fugo;4;770
1680386;senji_muramasa_(fate);4;770
1645001;narita_taishin_(umamusume);4;770
1489740;aki_rosenthal;4;770
633080;takakura_himari;4;769
1306594;ichigo_hitofuri;4;769
1645009;super_creek_(umamusume);4;769
1637361;pyra_(pro_swimmer)_(xenoblade);4;769
1416553;maruyama_aya;4;768
1634345;izuna_(blue_archive);4;768
664409;sajo_yukimi;4;767
1388311;elizabeth_bathory_(brave)_(fate);4;767
1768610;saber_alter_(ver._shinjuku_1999)_(fate);4;767
1701951;arataki_itto;4;765
1766600;abigail_williams_(third_ascension)_(fate);4;764
1667213;m200_(girls'_frontline);4;764
9881;meer_campbell;4;763
702015;matoi_(pso2);4;763
693236;ibuki_(street_fighter);4;762
601752;milla_maxwell;4;762
664406;natalia_(idolmaster);4;762
1462589;zooey_(granblue_fantasy);4;762
1522437;feater_(arknights);4;762
1589614;pochita_(chainsaw_man);4;762
1675004;elysia_(honkai_impact);4;762
381201;konpaku_youki;4;761
14899;yamamura_sadako;4;761
1245116;ri-class_heavy_cruiser;4;761
1471118;roon_(azur_lane);4;761
668312;senkawa_chihiro;4;760
1394776;acerola_(pokemon);4;760
1475191;aoba_moca;4;760
790426;ara_haan;4;759
1346609;beatrix_(granblue_fantasy);4;759
1667171;g36_(girls'_frontline);4;759
1705709;irene_(arknights);4;759
700633;ene_(kagerou_project);4;757
1629302;gawain_(fate);4;757
1259432;oomori_yuuko;4;757
1505470;galo_thymos;4;757
1624414;neru_(blue_archive);4;757
1447950;nearl_(arknights);4;756
1591026;pneuma_(xenoblade);4;756
1572332;helltaker_(character);4;756
1337529;mikko_(girls_und_panzer);4;755
1782427;bb_(swimsuit_mooncancer)_(second_ascension)_(fate);4;755
1706706;toutetsu_yuuma;4;755
1257345;harime_nui;4;754
1631233;nelson_(kancolle);4;754
1784572;abigail_williams_(swimsuit_foreigner)_(third_ascension)_(fate);4;754
506315;yumeko_(touhou);4;753
428827;trish_una;4;751
1631216;nagara_(kancolle);4;751
1435684;merlin_(fate/prototype);4;751
1398097;sora_ginko;4;750
1538828;ingrid_brandl_galatea;4;749
1587911;tomimi_(arknights);4;749
1790903;lisbeth_(sao);4;748
1643688;azusa_(blue_archive);4;748
1657252;pomu_rainpuff;4;748
1249877;iori_rinko;4;747
4858;chocobo;4;746
419659;rita_mordio;4;745
552918;kaine_(nier);4;743
1573721;st._louis_(luxurious_wheels)_(azur_lane);4;743
396395;naoe_riki;4;742
662005;mifune_miyu;4;742
1440255;yuudachi_(azur_lane);4;742
1531303;swire_(arknights);4;742
597426;eirika_(fire_emblem);4;741
427882;bazett_fraga_mcremitz;4;740
423092;dead_master;4;740
708151;kido_tsubomi;4;740
1515003;rena_erindel;4;739
1246940;matoba_risa;4;739
1420954;nakasu_kasumi;4;739
1480691;platelet_(hataraku_saibou);4;739
432714;trafalgar_law;4;738
1441359;shoukaku_(azur_lane);4;738
1674016;manya_(dq4);4;737
464859;sailor_saturn;4;737
693559;ingo_(pokemon);4;737
717909;vi_(league_of_legends);4;737
1586655;eunectes_(arknights);4;737
1667329;oberon_(fate);4;737
11594;lina_inverse;4;736
1304907;gokotai;4;736
1657250;finana_ryugu;4;736
1644995;meisho_doto_(umamusume);4;735
1597904;shishio_chris;4;735
1526525;jill_stingray;4;734
1783171;meltryllis_(swimsuit_lancer)_(second_ascension)_(fate);4;734
672299;oshino_ougi;4;733
1630639;enemy_naval_mine_(kancolle);4;733
1310847;hunter_(bloodborne);4;733
1711621;master_3_(housamo);4;733
1528128;himeno_(chainsaw_man);4;733
254440;kirlia;4;732
432818;hirose_koichi;4;732
680146;mary_(ib);4;732
712651;isobe_noriko;4;732
1305420;shokudaikiri_mitsutada;4;732
1781830;jeanne_d'arc_(swimsuit_archer)_(first_ascension)_(fate);4;732
1627248;shun_(blue_archive);4;732
400328;okita_sougo;4;731
1228013;regina_(dokidoki!_precure);4;731
1631231;natori_(kancolle);4;730
1527683;yamper;4;730
1538944;sussurro_(arknights);4;730
1627531;carmilla_(fate);4;727
1413408;small-clawed_otter_(kemono_friends);4;727
402521;meta_knight;4;726
1344498;vane_(granblue_fantasy);4;726
1663193;white_rabbit_(alice_in_wonderland);4;725
1237385;akaboshi_koume;4;725
1522750;projekt_red_(arknights);4;724
1478614;wakan_tanka;4;723
1496206;kuzuha_(nijisanji);4;723
1504965;hagoromo_lala;4;723
1626978;reisen_(touhou_bougetsushou);4;722
1305382;kogitsunemaru;4;722
1627732;paul_bunyan_(fate);4;722
1431868;nitocris_(swimsuit_assassin)_(fate);4;721
1627625;lavinia_whateley_(fate);4;720
716715;cure_heart;4;719
1299400;haruno_haruka;4;719
1755026;fujimaru_ritsuka_(male)_(polar_chaldea_uniform);4;719
1240487;yusa_kozue;4;718
1400058;satanichia_kurumizawa_mcdowell;4;718
1631012;i-13_(kancolle);4;718
1505029;leonardo_da_vinci_(rider)_(fate);4;718
935914;kazami_yuuka_(pc-98);4;717
520900;sf-a2_miki;4;716
1631108;kikuzuki_(kancolle);4;716
1468152;roboco-san;4;716
1261730;elesis_(elsword);4;715
593801;cure_rhythm;4;714
1386435;yumeno_himiko;4;712
1708017;sirius_(scorching-hot_seirios)_(azur_lane);4;712
1281005;naomi_(girls_und_panzer);4;711
742395;toudou_yurika;4;711
1479269;tomioka_giyuu;4;711
1597903;ryugasaki_rene;4;711
1665751;t-head_trainer;4;711
1447393;alina_gray;4;710
462261;nikka_edvardine_katajainen;4;709
1765330;elizabeth_bathory_(first_ascension)_(fate);4;708
1496591;nikaidou_saki;4;708
1693731;mash_kyrielight_(swimsuit_of_perpetual_summer);4;707
1667168;dinergate_(girls'_frontline);4;707
422506;erika_(pokemon);4;706
1631249;okinami_(kancolle);4;706
1443050;zuikaku_(azur_lane);4;706
1631262;perth_(kancolle);4;706
1790618;froggy_nun_(diva);4;706
1665128;gorou_(genshin_impact);4;706
566218;platinum_the_trinity;4;705
1791907;utsumi_erice;4;705
644034;kariya_masaki;4;704
1386439;iruma_miu;4;704
1477969;sister_cleaire;4;704
1272430;isolated_island_oni;4;703
1646429;fukuda_haru;4;701
391387;akita_neru;4;700
516743;lance_(pokemon);4;700
523901;shinonome_nano;4;700
1237658;error_musume;4;699
1627167;stheno_(fate);4;698
1399945;tanya_degurechaff;4;698
1644996;mejiro_dober_(umamusume);4;698
1758613;ui_(blue_archive);4;698
1229736;satake_minako;4;697
1528912;takumi_(fire_emblem);4;697
1676518;thoma_(genshin_impact);4;697
1631044;irako_(kancolle);4;695
1786499;artoria_caster_(second_ascension)_(fate);4;695
1762593;kirisawa_juuzou_(character);4;694
1305340;morgana_(persona_5);4;694
1533069;rhea_(fire_emblem);4;694
1555021;sei_shounagon_(fate);4;694
1386133;ogata_hyakunosuke;4;693
1755030;fujimaru_ritsuka_(female)_(polar_chaldea_uniform);4;691
1276392;otokura_yuuki;4;689
1401541;izayoi_liko;4;689
1459805;yukoku_kiriko;4;689
559713;black_heart;4;687
1346345;takimoto_hifumi;4;687
1441569;yuri_(doki_doki_literature_club);4;686
1644984;fine_motion_(umamusume);4;686
1644976;admire_vega_(umamusume);4;686
1630689;grecale_(kancolle);4;686
1571004;shibuya_kanon;4;686
1452677;semiramis_(fate);4;685
1627797;wu_zetian_(fate);4;685
1607938;getou_suguru;4;684
376441;arle_nadja;4;683
664614;ryuzaki_kaoru;4;683
1797173;hyakumantenbara_salome;4;683
1619673;puru-see_(hoshizuki_(seigetsu));4;682
1152270;ibuki_tsubasa;4;681
1227600;mochizuki_anna;4;681
1275005;ousaka_shizuku;4;681
1782428;bb_(swimsuit_mooncancer)_(third_ascension)_(fate);4;679
1693037;le_malin_(listless_lapin)_(azur_lane);4;679
1768854;mysterious_heroine_x_alter_(first_ascension)_(fate);4;678
1631348;shinshuu_maru_(kancolle);4;678
480982;asbel_lhant;4;677
1316228;nakagawa_natsuki;4;677
1667164;g41_(girls'_frontline);4;677
404920;sage_(dq3);4;676
1331206;kawakami_mai;4;676
1423942;eris_greyrat;4;676
1560517;utage_(arknights);4;676
1405059;sand_cat_(kemono_friends);4;675
1680295;mika_(blue_archive);4;675
664407;himekawa_yuki;4;674
1631118;kishinami_(kancolle);4;674
1285963;alena_(dq4);4;672
1645008;smart_falcon_(umamusume);4;672
497689;cheria_barnes;4;671
1631097;kasuga_maru_(kancolle);4;671
1432300;yatadera_narumi;4;669
1387122;mordred_(swimsuit_rider)_(fate);4;667
1529378;sakata_kintoki_(fate);4;666
1408392;golden_snub-nosed_monkey_(kemono_friends);4;666
1780213;hina_(swimsuit)_(blue_archive);4;666
1875916;tiki_(adult)_(fire_emblem);4;665
1386436;amami_rantarou;4;664
548087;hasegawa_kobato;4;663
1257848;hoshimiya_kate;4;663
1335159;sugimoto_saichi;4;663
596743;fukawa_touko;4;662
1476820;yozora_mel;4;662
1789595;saijo_juri;4;661
1327917;yuel_(granblue_fantasy);4;660
1460549;nekomiya_hinata;4;660
688953;igarashi_kyoko;4;658
1639090;maya_kai_ni_(kancolle);4;658
1588338;tomoe_gozen_(swimsuit_saber)_(fate);4;658
1657407;blue_poison_(shoal_beat)_(arknights);4;658
1856336;hasumi_(gym_uniform)_(blue_archive);4;656
1598223;kayoko_(blue_archive);4;655
1434774;uehara_himari;4;654
1344209;roxy_migurdia;4;653
1837736;saren_(summer)_(princess_connect!);4;653
1485459;jean_bart_(azur_lane);4;653
713347;katagiri_sanae;4;652
1440285;queen_elizabeth_(azur_lane);4;652
1667205;9a-91_(girls'_frontline);4;651
1479271;rengoku_kyoujurou;4;650
1386290;keebo;4;649
1599618;whislash_(arknights);4;646
971934;vampy;4;645
1639099;naganami_kai_ni_(kancolle);4;644
1326283;jeanne_d'arc_(granblue_fantasy);4;643
1644991;matikanefukukitaru_(umamusume);4;643
1645010;sweep_tosho_(umamusume);4;642
879608;toyokawa_fuka;4;641
1387119;kiyohime_(swimsuit_lancer)_(fate);4;641
1836895;karyl_(summer)_(princess_connect!);4;641
1596254;razor_(genshin_impact);4;640
1480768;siro_(dennou_shoujo_youtuber_siro);4;639
1491126;tsuyuri_kanao;4;637
1667169;negev_(girls'_frontline);4;636
1440310;eldridge_(azur_lane);4;636
1284942;midway_princess;4;635
1420829;matsubara_kanon;4;633
1541801;magallan_(arknights);4;633
1782915;ijichi_nijika;4;632
1411715;okusawa_misaki;4;628
1875918;tiki_(young)_(fire_emblem);4;627
1790615;spicy_nun_(diva);4;625
1067206;hayasaka_mirei;4;623
1781831;jeanne_d'arc_(swimsuit_archer)_(second_ascension)_(fate);4;623
1420746;udagawa_tomoe;4;621
1445024;shirasagi_chisato;4;621
1678878;la_pluma_(arknights);4;619
1265247;sato_shin;4;617
1491428;takamiya_rion;4;612
1623487;crypto_(apex_legends);4;612
1533772;uzuki_sayaka;4;607
1533771;kumada_masaru;4;600
